{
  "cities": [
    {
      "id": 1,
      "cityname": "Nellore"
    },
    {
      "cityname": "Karimnagar",
      "id": 2
    },
    {
      "cityname": "Tokyo",
      "id": 5
    },
    {
      "cityname": "Chennai",
      "id": 6
    },
    {
      "cityname": "Hyderabad",
      "id": 7
    },
    {
      "cityname": "Kolkata",
      "id": 8
    },
    {
      "cityname": "Adamstown",
      "id": 9
    },
    {
      "cityname": "Portland",
      "id": 10
    },
    {
      "cityname": "Pune",
      "id": 11
    },
    {
      "cityname": "Shimla",
      "id": 12
    },
    {
      "cityname": "Thanjavur",
      "id": 13
    },
    {
      "cityname": "Pondicherry",
      "id": 15
    },
    {
      "cityname": "New York",
      "id": 17
    },
    {
      "cityname": "Bengaluru",
      "id": 19
    },
    {
      "cityname": "Tada",
      "id": 20
    }
  ]
}